"№","Название","ID игры","Издатель","Платформа","Предзаказ","Обычная цена","Цена в рублях","Дата актуализации","Цены изданий","Рус. озвучка","Рус. текст","Подписки","Ссылка","Дата релиза","Жанр","PEGI","Демо","Вкл."
"7945","Lethal Honor - Order of the Apocalypse","PPSA15285","—","PS5","Нет","1.079,00 TL","","","","Нет","Нет","","https://store.playstation.com/en-tr/concept/10007936","2025-10-07","Action","PEGI_16","—","Да"
"7946","Leif's Adventure: Netherworld Hero","PPSA25773","—","PS5","Нет","699,00 TL","","","Leif's Adventure: Netherworld Hero: 699,00 TL","Нет","Нет","","https://store.playstation.com/en-tr/concept/10012410","2024-12-19","Action","PEGI_12","—","Да"
"7947","Lethal League Blaze","CUSA13502","—","PS4","Нет","699,00 TL","","","","Нет","Да","","https://store.playstation.com/en-tr/concept/232741","2019-07-11","Action","PEGI_12","—","Да"
"7948","Lets castle!","PPSA26906","—","PS5","Нет","229,00 TL","","","","Нет","Нет","","https://store.playstation.com/en-tr/concept/10013073","2025-04-29","Strategy","PEGI_3","—","Да"
"7949","Let's Create! Pottery VR","CUSA18234","—","PS4","Нет","849,00 TL","","","","Нет","Да","","https://store.playstation.com/en-tr/concept/235371","2020-07-08","Adventure","PEGI_3","—","Да"
"7950","Legions","PPSA18330","—","PS5","Нет","343,00 TL","","","Legions: 343,00 TL; Legions: 343,00 TL","Нет","Нет","","https://store.playstation.com/en-tr/concept/10009079","2023-08-31","Arcade","PEGI_16","—","Да"
"7951","LET IT DIE: INFERNO","PPSA19053","—","PS5","Нет","1.079,00 TL","","","Standard Edition: 1.079,00 TL; Deluxe Edition: 1.949,00 TL; Ultimate Edition: 2.579,00 TL","Нет","Нет","","https://store.playstation.com/en-tr/concept/10009386","2025-12-04","Action","PEGI_16","—","Да"
"7952","Let's Cook Together 2","CUSA35806","—","PS4","Нет","629,00 TL","","","","Нет","Нет","","https://store.playstation.com/en-tr/concept/10005848","2025-03-24","Party","PEGI_3","—","Да"
"7953","Let's Build a Zoo & Dinosaur Island DLC Bundle","PPSA06438","—","PS4, PS5","Нет","1.160,00 TL","","","Let's Build a Zoo and Aquarium Odyssey DLC Bundle: 1.160,00 TL; Let's Build a Zoo Ultimate: 1.499,00 TL; Let's Build a Zoo & Dinosaur Island DLC Bundle: 1.160,00 TL; Let's Build a Zoo: 849,00 TL","Нет","Нет","","https://store.playstation.com/en-tr/concept/10004466","2022-09-29","Casual","PEGI_7","—","Да"
"7954","Let's Sing 2017","CUSA05098","—","PS4","Нет","1.749,00 TL","","","","Нет","Нет","","https://store.playstation.com/en-tr/concept/221716","2016-10-14","Family","PEGI_12","—","Да"
"7955","Let's Sing 2020","CUSA15798","—","PS4","Нет","1.749,00 TL","","","Let's Sing 2020 - Platinum Edition: 2.999,00 TL; Let's Sing 2020: 1.749,00 TL","Нет","Нет","","https://store.playstation.com/en-tr/concept/234004","2019-10-24","Party","PEGI_12","—","Да"
"7956","Letter Quest","CUSA03439","—","PS4","Нет","429,00 TL","","","","Нет","Нет","","https://store.playstation.com/en-tr/concept/208909","2016-05-17","Role Playing Games","PEGI_7","—","Да"
"7957","Let's Sing 2024 with International Hits","PPSA09374","—","PS4, PS5","Нет","1.749,00 TL","","","Regular: 1.749,00 TL; Platinum Edition: 2.349,00 TL; Gold Edition: 1.949,00 TL","Нет","Нет","","https://store.playstation.com/en-tr/concept/10005391","2023-11-07","Music/Rhythm","PEGI_12","—","Да"
"7958","Letter Snap: Word Puzzle","PPSA36661","—","PS5","Нет","75,00 TL","","","Letter Snap: Word Puzzle: 75,00 TL; Letter Snap: Word Puzzle: 75,00 TL","Нет","Нет","","https://store.playstation.com/en-tr/concept/10018947","2026-04-11","Casual","PEGI_3","—","Да"
"7959","Root Letter: Last Answer","CUSA15629","—","PS4","Нет","1.049,00 TL","","","","Нет","Нет","","https://store.playstation.com/en-tr/concept/232857","2019-08-30","Role Playing Games","PEGI_16","—","Да"
"7960","Let Them Come","CUSA07585","—","PS4","Нет","279,00 TL","","","","Нет","Да","","https://store.playstation.com/en-tr/concept/227418","2017-12-04","Shooter","PEGI_16","—","Да"
"7961","Let's School","PPSA22457","—","PS5","Нет","816,00 TL","","","","Нет","Да","","https://store.playstation.com/en-tr/concept/10010636","2024-07-16","Simulation","PEGI_3","—","Да"
"7962","Let's Sing 2021","CUSA19522","—","PS4","Нет","1.749,00 TL","","","","Нет","Нет","","https://store.playstation.com/en-tr/concept/10000619","2020-11-12","Music/Rhythm","PEGI_12","—","Да"
"7963","Let's Sing 2018","CUSA08893","—","PS4","Нет","1.749,00 TL","","","","Нет","Нет","","https://store.playstation.com/en-tr/concept/228784","2017-10-19","Party","PEGI_12","—","Да"
"7964","Let's Sing 2019","CUSA12210","—","PS4","Нет","1.749,00 TL","","","","Нет","Нет","","https://store.playstation.com/en-tr/concept/232230","2018-10-25","Party","PEGI_12","—","Да"
"7965","Letterbox by POWGI","PPSA09727","—","PS4, PS5","Нет","343,00 TL","","","","Нет","Нет","","https://store.playstation.com/en-tr/concept/10005968","2022-10-10","Brain Training","PEGI_3","—","Да"
"7966","Let's Journey","PPSA23004","—","PS5","Нет","349,00 TL","","","Let's Journey: 349,00 TL; Let's Journey: 349,00 TL","Нет","Да","","https://store.playstation.com/en-tr/concept/10010968","2024-07-08","Adventure","PEGI_7","—","Да"
"7967","Root Letter","CUSA05982","—","PS4","Нет","699,00 TL","","","","Нет","Нет","","https://store.playstation.com/en-tr/concept/217641","2016-10-28","Role Playing Games","PEGI_12","—","Да"
"7968","Let's Sing 2022","PPSA03673","—","PS4, PS5","Нет","1.749,00 TL","","","Platinum Edition: 3.149,00 TL; Let's Sing 2022: 1.749,00 TL","Нет","Нет","","https://store.playstation.com/en-tr/concept/10002802","2021-11-22","Music/Rhythm","PEGI_12","—","Да"
"7969","Let's Sing ABBA","PPSA07225","—","PS5","Нет","1.749,00 TL","","","Let's Sing ABBA: 1.749,00 TL; Let's Sing ABBA: 1.749,00 TL","Нет","Нет","","https://store.playstation.com/en-tr/concept/10004862","2022-10-03","Music/Rhythm","PEGI_3","—","Да"
"7970","Let's Sing 2025 with International Hits","PPSA20597","—","PS4, PS5","Нет","2.349,00 TL","","","Regular Edition: 1.749,00 TL; Gold Edition: 1.949,00 TL; Platinum Edition: 2.349,00 TL","Нет","Нет","","https://store.playstation.com/en-tr/concept/10010007","2024-11-05","Music/Rhythm","PEGI_12","—","Да"
"7971","Let's Sing 2023","PPSA05585","—","PS4, PS5","Нет","1.749,00 TL","","","","Нет","Нет","","https://store.playstation.com/en-tr/concept/10003977","2022-11-15","Music/Rhythm","PEGI_12","—","Да"
"7972","Level 22","CUSA02990","—","PS4","Нет","343,00 TL","","","","Нет","Нет","","https://store.playstation.com/en-tr/concept/202428","2016-02-11","Action","PEGI_12","—","Да"
"7973","Lia: Hacking Destiny","CUSA56568","—","PS4","Нет","649,00 TL","","","","Нет","Нет","","https://store.playstation.com/en-tr/concept/10016773","2025-11-12","Action","PEGI_7","—","Да"
"7974","Library Of Ruina","CUSA46313","—","PS4","Нет","1.229,00 TL","","","","Нет","Нет","","https://store.playstation.com/en-tr/concept/10005836","2024-04-24","Adventure","PEGI_18","—","Да"
"7975","Let Them Come: Onslaught","PPSA28341","—","PS5","Нет","343,00 TL","","","Let Them Come: Onslaught: 343,00 TL; Let Them Come: Onslaught: 343,00 TL","Нет","Да","","https://store.playstation.com/en-tr/concept/10014090","2025-11-11","Action","PEGI_16","—","Да"
"7976","Lichdom: Battlemage","CUSA04741","—","PS4","Нет","349,00 TL","","","","Нет","Нет","","https://store.playstation.com/en-tr/concept/208938","2016-04-22","Action","PEGI_16","—","Да"
"7977","Liberated","CUSA26980","—","PS4","Нет","849,00 TL","","","","Нет","Да","","https://store.playstation.com/en-tr/concept/10002424","2022-04-19","Action","PEGI_16","—","Да"
"7978","Life Goes On: Done to Death","CUSA04833","—","PS4","Нет","429,00 TL","","","","Нет","Да","","https://store.playstation.com/en-tr/concept/208936","2016-05-26","Puzzle","PEGI_12","—","Да"
"7980","Life in Willowdale: Farm Adventures","PPSA05605","—","PS5","Нет","849,00 TL","","","Life in Willowdale: Farm Adventures: 849,00 TL; Life in Willowdale: Farm Adventures: 849,00 TL","Нет","Нет","","https://store.playstation.com/en-tr/concept/10003994","2022-11-01","Adventure","PEGI_7","—","Да"
"7981","Lil' Guardsman","PPSA15881","—","PS4, PS5","Нет","699,00 TL","","","","Нет","Нет","","https://store.playstation.com/en-tr/concept/10004939","2024-01-23","Unique","PEGI_12","—","Да"
"7982","Lili: Child of Geos","CUSA08074","—","PS4","Нет","774,00 TL","","","","Нет","Нет","","https://store.playstation.com/en-tr/concept/228768","2017-06-20","Action","PEGI_7","—","Да"
"7983","Lilliput Hero: Miniature World","PPSA29567","—","PS5","Нет","236,25 TL","","","","Нет","Нет","","https://store.playstation.com/en-tr/concept/10013527","2025-05-12","Casual","PEGI_7","—","Да"
"7984","Lila's Tale and the Hidden Forest","CUSA40735","—","PS4","Нет","175,00 TL","","","","Нет","Нет","","https://store.playstation.com/en-tr/concept/10007342","2023-03-23","Adventure","PEGI_3","—","Да"
"7985","Light of Life","PPSA15593","—","PS4, PS5","Нет","215,00 TL","","","","Нет","Нет","","https://store.playstation.com/en-tr/concept/10008066","2023-04-20","Action","PEGI_3","—","Да"
"7986","Lightfield","CUSA07628","—","PS4","Нет","649,00 TL","","","","Нет","Нет","","https://store.playstation.com/en-tr/concept/227416","2017-09-26","Driving/Racing","PEGI_3","—","Да"
"7987","Light-It Up","CUSA46505","—","PS4","Нет","175,00 TL","","","Light-It Up: Complete Edition: 83,60 TL; Light-It Up: 52,50 TL","Нет","Нет","","https://store.playstation.com/en-tr/concept/10009828","2024-04-11","Arcade","PEGI_3","—","Да"
"7988","Light Up The Room","PPSA06342","—","PS4, PS5","Нет","215,00 TL","","","","Нет","Нет","","https://store.playstation.com/en-tr/concept/10004406","2022-02-17","Action","PEGI_3","—","Да"
"7989","Lifeless Planet","CUSA05481","—","PS4","Нет","429,00 TL","","","","Нет","Да","","https://store.playstation.com/en-tr/concept/221923","2016-08-16","Adventure","PEGI_12","—","Да"
"7990","Life of Slime","PPSA18862","—","PS5","Нет","35,00 TL","","","Life of Slime: 35,00 TL; Life of Slime: 35,00 TL","Нет","Да","","https://store.playstation.com/en-tr/concept/10009316","2024-04-04","Adventure","PEGI_12","—","Да"
"7991","Life is Strange: True Colors","PPSA02047","—","PS4, PS5","Нет","429,00 TL","","","Standard Edition: 429,00 TL; Deluxe Edition: 499,01 TL; Ultimate Edition: 919,60 TL","Нет","Да","","https://store.playstation.com/en-tr/concept/235172","2021-09-09","Adventure","PEGI_16","—","Да"
"7992","Lil Gator Game","PPSA17455","—","PS4, PS5","Нет","699,00 TL","","","Lil Gator Game PS4 & PS5: 699,00 TL; Gator of the Year Edition: 1.299,00 TL","Нет","Нет","","https://store.playstation.com/en-tr/concept/10008374","2023-10-10","Adventure","PEGI_3","—","Да"
"7993","Lily in Puzzle World","PPSA18323","—","PS4, PS5","Нет","175,00 TL","","","","Нет","Нет","","https://store.playstation.com/en-tr/concept/10009128","2023-11-14","Action","PEGI_3","—","Да"
"7994","Light Tracer","CUSA09985","—","PS4","Нет","549,00 TL","","","","Нет","Нет","","https://store.playstation.com/en-tr/concept/229188","2017-09-26","Adventure","PEGI_7","—","Да"
"7995","Lifeless Moon","PPSA21899","—","PS4, PS5","Нет","549,00 TL","","","","Нет","Да","","https://store.playstation.com/en-tr/concept/10010085","2024-07-09","Action","PEGI_12","—","Да"
"7996","Lingix Lingo","PPSA39045","—","PS5","Нет","85,00 TL","","","","Нет","Нет","","https://store.playstation.com/en-tr/concept/10020272","2026-08-15","Puzzle","PEGI_3","—","Да"
"7997","Light Fairytale Episode 1","CUSA17129","—","PS4","Нет","349,00 TL","","","Light Fairytale Prologue Bundle: 595,00 TL; Light Fairytale Episode 2: 349,00 TL; Light Fairytale Episode 1: 349,00 TL","Нет","Нет","","https://store.playstation.com/en-tr/concept/234837","2019-11-25","Role Playing Games","PEGI_12","—","Да"
"7998","Link-a-Pix Deluxe","CUSA12910","—","PS4","Нет","343,00 TL","","","","Нет","Нет","","https://store.playstation.com/en-tr/concept/232515","2020-01-06","Brain Training","PEGI_3","—","Да"
"7999","Liquid Cat","PPSA33258","—","PS5","Нет","86,00 TL","","","Liquid Cat: 86,00 TL; Liquid Cat: 86,00 TL","Нет","Нет","","https://store.playstation.com/en-tr/concept/10016932","2025-09-25","Puzzle","PEGI_3","—","Да"
"8000","Linn: Path of Orchards","CUSA25708","—","PS4","Нет","215,00 TL","","","","Нет","Нет","","https://store.playstation.com/en-tr/concept/10001939","2021-02-25","Puzzle","PEGI_3","—","Да"
"8001","Liquor Store Simulator","PPSA34866","—","PS5","Нет","549,00 TL","","","Liquor Store Simulator & Bum Simulator: 1.160,00 TL; Liquor Store Simulator: 549,00 TL; Liquor Store Simulator & Bum Simulator: 1.160,00 TL; Liquor Store Simulator: 549,00 TL","Нет","Да","","https://store.playstation.com/en-tr/concept/10017862","2026-02-20","Simulator","PEGI_18","—","Да"
"8002","LISA","PPSA06124","—","PS4, PS5","Нет","1.079,00 TL","","","LISA: The Painful - Definitive Edition: 849,00 TL; LISA: The Joyful - Definitive Edition: 429,00 TL; LISA: Definitive Edition: 1.079,00 TL","Нет","Да","","https://store.playstation.com/en-tr/concept/10004276","2023-07-18","Role Playing Games","PEGI_18","—","Да"
"8003","Little Big Adventure – Twinsen’s Quest","PPSA23885","—","PS5","Нет","1.299,00 TL","","","Little Big Adventure – Twinsen’s Quest PS4 & PS5: 1.299,00 TL; Little Big Adventure – Twinsen’s Quest PS4 & PS5: 1.299,00 TL","Нет","Да","","https://store.playstation.com/en-tr/concept/10011441","2024-11-13","Adventure","PEGI_7","—","Да"
"8004","Little Adventure on the Prairie","CUSA10742","—","PS4","Нет","68,00 TL","","","","Нет","Нет","","https://store.playstation.com/en-tr/concept/231358","2018-02-21","Adventure","PEGI_3","—","Да"
"8005","Little Red Lie","CUSA10335","—","PS4","Нет","484,00 TL","","","","Нет","Нет","","https://store.playstation.com/en-tr/concept/225220","2018-01-09","Adventure","PEGI_18","—","Да"
"8006","Little Things","PPSA36679","—","PS5","Нет","429,00 TL","","","","Нет","Нет","","https://store.playstation.com/en-tr/concept/10018958","2026-05-07","Arcade","PEGI_3","—","Да"
"8007","LIT: Bend the Light","CUSA33733","—","PS4","Нет","343,00 TL","","","","Нет","Да","","https://store.playstation.com/en-tr/concept/10003911","2022-09-16","Puzzle","PEGI_3","—","Да"
"8008","Little Droid","PPSA27738","—","PS4, PS5","Нет","167,05 TL","","","","Нет","Да","","https://store.playstation.com/en-tr/concept/10012613","2025-04-09","Adventure","PEGI_3","—","Да"
"8009","LIVE A LIVE","PPSA08178","—","PS4, PS5","Нет","1.749,00 TL","","","LIVE A LIVE PS4&PS5: 1.749,00 TL","Нет","Нет","","https://store.playstation.com/en-tr/concept/10005297","2023-04-26","Role Playing Games","PEGI_12","—","Да"
"8010","Little Disaster","PPSA15541","—","PS4, PS5","Нет","215,00 TL","","","","Нет","Нет","","https://store.playstation.com/en-tr/concept/10008045","2023-05-11","Adventure","PEGI_3","—","Да"
"8011","Little League World Series Baseball 2022","PPSA04792","—","PS4, PS5","Нет","1.749,00 TL","","","","Нет","Нет","","https://store.playstation.com/en-tr/concept/10003548","2022-08-16","Sport","PEGI_3","—","Да"
"8012","Little Witch Nobeta","CUSA39431","—","PS4","Нет","2.149,00 TL","","","","Нет","Нет","","https://store.playstation.com/en-tr/concept/10004011","2023-03-06","Action","PEGI_12","—","Да"
"8013","Listeria Wars","CUSA42951","—","PS4","Нет","179,00 TL","","","","Нет","Да","","https://store.playstation.com/en-tr/concept/10008085","2023-12-13","Strategy","PEGI_3","—","Да"
"8014","Little Witch Academia: VR Broom Racing","CUSA26442","—","PS4","Нет","1.419,00 TL","","","","Нет","Нет","","https://store.playstation.com/en-tr/concept/10002264","2021-07-15","Driving/Racing","PEGI_3","—","Да"
"8015","LISTEN UP! WE TRIED TO MAKE “THOSE GAMES” EVEN MORE EXTREME! SOME THINGS HAVE TO BE LEARNED THE HARD WAY!","PPSA26514","—","PS4, PS5","Нет","315,00 TL","","","","Нет","Нет","","https://store.playstation.com/en-tr/concept/10012884","2025-04-23","Puzzle","PEGI_12","—","Да"
"8016","Little Noah: Scion of Paradise","CUSA34036","—","PS4","Нет","525,00 TL","","","Special Edition: 699,00 TL; Little Noah: Scion of Paradise: 525,00 TL","Нет","Нет","","https://store.playstation.com/en-tr/concept/10004238","2022-08-10","Action","PEGI_7","—","Да"
"8017","Little Goody Two Shoes","PPSA13879","—","PS5","Нет","419,40 TL","","","","Нет","Нет","","https://store.playstation.com/en-tr/concept/10007396","2023-10-31","Role Playing Games","PEGI_12","—","Да"
"8018","Little Dragons Café","CUSA13063","—","PS4","Нет","1.599,00 TL","","","","Нет","Нет","","https://store.playstation.com/en-tr/concept/232240","2018-09-23","Adventure","PEGI_3","—","Да"
"8019","Llamasoft: The Jeff Minter Story","PPSA18158","—","PS4, PS5","Нет","389,70 TL","","","","Нет","Нет","","https://store.playstation.com/en-tr/concept/10008403","2024-03-13","Shooter","PEGI_12","—","Да"
"8020","Little Big Workshop","CUSA19606","—","PS4","Нет","699,00 TL","","","","Нет","Да","PS Plus Extra","https://store.playstation.com/en-tr/concept/10000661","2020-09-23","Unique","PEGI_3","—","Да"
"8021","Little Orpheus","CUSA29264","—","PS4","Нет","549,00 TL","","","","Нет","Да","","https://store.playstation.com/en-tr/concept/10003290","2022-09-12","Family","PEGI_7","—","Да"
"8022","Living with Horses: My Horse Farm","PPSA13396","—","PS5","Нет","699,00 TL","","","","Нет","Нет","","https://store.playstation.com/en-tr/concept/10007183","2023-03-24","Casual","PEGI_3","—","Да"
"8023","Loaders, Inc.","PPSA35000","—","PS5","Нет","257,00 TL","","","Loaders, Inc.: 257,00 TL; Loaders, Inc.: 257,00 TL","Нет","Да","","https://store.playstation.com/en-tr/concept/10017954","2026-02-20","Simulator","PEGI_3","—","Да"
"8024","Loading Human: Chapter 1","CUSA06425","—","PS4","Нет","349,00 TL","","","","Нет","Нет","","https://store.playstation.com/en-tr/concept/225699","2017-02-02","Adventure","PEGI_16","—","Да"
"8025","Loan Shark","PPSA34101","—","PS5","Нет","215,00 TL","","","","Нет","Нет","","https://store.playstation.com/en-tr/concept/10017396","2026-01-18","Horror","PEGI_12","—","Да"
"8026","LOLLIPOP CHAINSAW RePOP","PPSA21837","—","PS5","Нет","1.599,00 TL","","","LOLLIPOP CHAINSAW RePOP: 1.599,00 TL; LOLLIPOP CHAINSAW RePOP: 1.599,00 TL","Нет","Нет","","https://store.playstation.com/en-tr/concept/10010519","2024-10-02","Action","PEGI_18","—","Да"
"8027","LogiKing","PPSA13949","—","PS5","Нет","649,00 TL","","","LogiKing: 649,00 TL; LogiKing: 649,00 TL","Нет","Нет","","https://store.playstation.com/en-tr/concept/10007423","2023-08-24","Casual","PEGI_3","—","Да"
"8028","Lode Runner Legacy","CUSA17623","—","PS4","Нет","515,00 TL","","","","Нет","Нет","","https://store.playstation.com/en-tr/concept/235015","2020-01-28","Action","PEGI_3","—","Да"
"8029","LocoRoco Midnight Carnival","PPSA06792","—","PS4, PS5","Нет","429,00 TL","","","","Нет","Да","","https://store.playstation.com/en-tr/concept/10004655","2025-03-07","Puzzle","PEGI_3","—","Да"
"8031","Loco Parentis","CUSA43389","—","PS4","Нет","116,55 TL","","","","Да","Да","","https://store.playstation.com/en-tr/concept/10008375","2023-06-13","Horror","PEGI_16","—","Да"
"8032","Lone Wolf","PPSA05957","—","PS4, PS5","Нет","849,00 TL","","","","Нет","Да","","https://store.playstation.com/en-tr/concept/10001540","2024-12-15","Action","PEGI_18","—","Да"
"8033","Long Live The Queen","PPSA08321","—","PS4, PS5","Нет","171,60 TL","","","","Нет","Нет","","https://store.playstation.com/en-tr/concept/10005354","2022-07-14","Adventure","PEGI_12","—","Да"
"8034","Local News with Cliff Rockslide","PPSA23444","—","PS5","Нет","52,35 TL","","","Local News with Cliff Rockslide: 52,35 TL; Local News with Cliff Rockslide: 52,35 TL","Нет","Нет","","https://store.playstation.com/en-tr/concept/10011195","2024-06-27","Adventure","PEGI_7","—","Да"
"8035","Long Gone Days","PPSA17083","—","PS4, PS5","Нет","1.079,00 TL","","","","Нет","Да","","https://store.playstation.com/en-tr/concept/10008650","2023-10-10","Role Playing Games","PEGI_16","—","Да"
"8036","LoBlocks","PPSA32184","—","PS5","Нет","68,40 TL","","","","Нет","Нет","","https://store.playstation.com/en-tr/concept/10016356","2025-08-29","Puzzle","PEGI_3","—","Да"
"8037","Lonely Mountains: Downhill","CUSA16005","—","PS4","Нет","699,00 TL","","","Complete Edition: 949,00 TL","Нет","Да","PS Plus Extra","https://store.playstation.com/en-tr/concept/234290","2019-10-22","Sport","PEGI_3","—","Да"
"8038","L.O.L. Surprise! B.B.s BORN TO TRAVEL","PPSA05727","—","PS4, PS5","Нет","1.399,00 TL","","","","Нет","Нет","","https://store.playstation.com/en-tr/concept/10004078","2022-10-06","Family","PEGI_3","—","Да"
"8039","Looking for Aliens","CUSA40177","—","PS4","Нет","300,00 TL","","","","Нет","Да","","https://store.playstation.com/en-tr/concept/10007108","2023-02-09","Casual","PEGI_3","—","Да"
"8040","Lock's Quest","CUSA07305","—","PS4","Нет","849,00 TL","","","","Нет","Нет","","https://store.playstation.com/en-tr/concept/227162","2017-06-05","Strategy","PEGI_7","—","Да"
"8041","LogIQ Boost","PPSA36402","—","PS5","Нет","215,00 TL","","","LogIQ Boost: 215,00 TL; LogIQ Boost: 215,00 TL","Нет","Да","","https://store.playstation.com/en-tr/concept/10018524","2026-05-01","Educational","PEGI_3","—","Да"
"8042","Lonely Mountains: Snow Riders","PPSA22707","—","PS5","Нет","1.031,00 TL","","","Standard: 1.031,00 TL; Supporter: 1.160,00 TL; Complete Edition: 2.579,00 TL; Autumn Edition: 2.149,00 TL","Нет","Да","","https://store.playstation.com/en-tr/concept/10010852","2025-12-15","Sport","PEGI_3","—","Да"
"8043","Looking for Fael","PPSA38186","—","PS5","Нет","849,00 TL","","","","Нет","Нет","","https://store.playstation.com/en-tr/concept/10019697","2026-07-16","Adventure","PEGI_7","—","Да"
"8044","Logiart Grimoire","CUSA52637","—","PS4","Нет","816,00 TL","","","Logiart Grimoire: 816,00 TL","Нет","Нет","","https://store.playstation.com/en-tr/concept/10013510","2025-04-23","Puzzle","PEGI_3","—","Да"
"8045","Longboard Skate Downhill Simulator","PPSA36134","—","PS5","Нет","389,40 TL","","","","Нет","Нет","","https://store.playstation.com/en-tr/concept/10016555","2026-03-30","Driving/Racing","PEGI_3","—","Да"
"8046","Look Mum No Computer","PPSA32542","—","PS4, PS5","Нет","649,00 TL","","","","Нет","Нет","","https://store.playstation.com/en-tr/concept/10016563","2026-01-22","Action","PEGI_7","—","Да"
"8047","Looney Test","CUSA57288","—","PS4","Нет","429,00 TL","","","","Нет","Нет","","https://store.playstation.com/en-tr/concept/10017397","2025-10-31","Quiz","PEGI_3","—","Да"
"8048","Lone Survivor: The Director's Cut","CUSA01049","—","PS4","Нет","429,00 TL","","","","Нет","Нет","","https://store.playstation.com/en-tr/concept/202537","2014-10-14","Horror","PEGI_16","—","Да"
"8049","Loop","CUSA45149","—","PS4","Нет","69,00 TL","","","Loop Avatar Bundle: 70,00 TL; Loop: 69,00 TL","Нет","Нет","","https://store.playstation.com/en-tr/concept/10009189","2023-11-02","Puzzle","PEGI_3","—","Да"
"8050","Loop8: Summer of Gods","CUSA36259","—","PS4","Нет","174,90 TL","","","","Нет","Нет","","https://store.playstation.com/en-tr/concept/10002119","2023-06-05","Role Playing Games","PEGI_12","—","Да"
"8051","Lord Of The Click","CUSA24794","—","PS4","Нет","193,00 TL","","","","Нет","Да","","https://store.playstation.com/en-tr/concept/10001557","2020-10-22","Strategy","PEGI_7","—","Да"
"8052","Loretta","PPSA19743","—","PS5","Нет","525,00 TL","","","","Нет","Да","","https://store.playstation.com/en-tr/concept/10005653","2024-04-10","Adventure","PEGI_16","—","Да"
"8053","Lost Artifacts: Golden Island","CUSA14428","—","PS4","Нет","215,00 TL","","","","Нет","Да","","https://store.playstation.com/en-tr/concept/233130","2021-01-28","Unique","PEGI_3","—","Да"
"8054","Loot River","PPSA13470","—","PS4, PS5","Нет","1.079,00 TL","","","","Нет","Да","","https://store.playstation.com/en-tr/concept/10007227","2023-12-19","Adventure","PEGI_16","—","Да"
"8055","Loot Rascals","CUSA04478","—","PS4","Нет","429,00 TL","","","","Нет","Нет","","https://store.playstation.com/en-tr/concept/217718","2017-03-06","Adventure","PEGI_7","—","Да"
"4","eFootball","PPSA03073","—","PS5","Нет","601,00 TL","","","Lamine Yamal Edition 2027: 601,00 TL; Leo Messi Edition 2027: 601,00 TL; Lamine Yamal Edition [DX]: 949,00 TL; Leo Messi Edition [Deluxe]: 949,00 TL","Нет","Да","","https://store.playstation.com/en-tr/concept/10002427","2021-09-30","Sport","PEGI_3","—","Нет"