"№","Название","Скидка/Список","ID игры","Платформа","Предзаказ","Обычная цена","Скидка %","Новая цена","Дата окончания","Цены изданий","Рус. озвучка","Рус. текст","Подписки","Ссылка","Дата релиза","Жанр","PEGI"
"ghost_1789626984683_9rtxv","Shadow Labyrinth","TOKYO GAME SHOW","—","—","Нет","1.049,00 TL","50%","524,50 TL","2026-09-24","","Нет","Нет","","#","—","—","—"
"ghost_1789626985033_uqx3w","SOULVARS","TOKYO GAME SHOW","—","—","Нет","595,00 TL","90%","59,50 TL","2026-09-24","","Нет","Нет","","#","—","—","—"
"ghost_1789626985681_lfm01","The Heavy Rain & BEYOND: Two","TOKYO GAME SHOW","—","—","Нет","1.749,00 TL","60%","699,60 TL","2026-09-24","","Нет","Нет","","#","—","—","—"
"ghost_1789626986025_7wj2s","Ys X: Proud Nordics","TOKYO GAME SHOW","—","—","Нет","2.999,00 TL","10%","2.699,10 TL","2026-09-24","","Нет","Нет","","#","—","—","—"
"ghost_1789626986436_b0tyi","Slay the Princess - The Pristine Cut","TOKYO GAME SHOW","—","—","Нет","649,00 TL","40%","389,40 TL","2026-09-24","","Нет","Нет","","#","—","—","—"
"ghost_1789626986792_hhqsn","Slay the Princess - The Pristine Cut","TOKYO GAME SHOW","—","—","Нет","774,00 TL","40%","464,40 TL","2026-09-24","","Нет","Нет","","#","—","—","—"
"ghost_1789626987589_xvrpy","Pode","TOKYO GAME SHOW","—","—","Нет","1.031,00 TL","50%","515,50 TL","2026-09-24","","Нет","Нет","","#","—","—","—"
"ghost_1789626988129_pj48z","ODDBALLERS","TOKYO GAME SHOW","—","—","Нет","699,00 TL","75%","174,75 TL","2026-09-24","","Нет","Нет","","#","—","—","—"
"ghost_1789626988481_r73cp","Robots at Midnight","TOKYO GAME SHOW","—","—","Нет","849,00 TL","50%","424,50 TL","2026-09-24","","Нет","Нет","","#","—","—","—"
"ghost_1789626989074_ky4y2","Silver Chains","TOKYO GAME SHOW","—","—","Нет","879,00 TL","90%","87,90 TL","2026-09-24","","Нет","Нет","","#","—","—","—"
"ghost_1789626989776_3c3lz","Woodturning 3D","TOKYO GAME SHOW","—","—","Нет","215,00 TL","50%","107,50 TL","2026-09-24","","Нет","Нет","","#","—","—","—"
"ghost_1789626990446_xakij","R-TYPE DX: Music Encore","TOKYO GAME SHOW","—","—","Нет","649,00 TL","20%","519,20 TL","2026-09-24","","Нет","Нет","","#","—","—","—"
"ghost_1789626990793_xspaz","XEL","TOKYO GAME SHOW","—","—","Нет","665,00 TL","90%","66,50 TL","2026-09-24","","Нет","Нет","","#","—","—","—"
"ghost_1789626991149_chx17","XEL","TOKYO GAME SHOW","—","—","Нет","665,00 TL","90%","66,50 TL","2026-09-24","","Нет","Нет","","#","—","—","—"
"ghost_1789626991496_rop1y","Vambrace: Dungeon Monarch","TOKYO GAME SHOW","—","—","Нет","649,00 TL","90%","64,90 TL","2026-09-24","","Нет","Нет","","#","—","—","—"
"ghost_1789626991842_23vx8","STRIDER","TOKYO GAME SHOW","—","—","Нет","525,00 TL","65%","183,75 TL","2026-09-24","","Нет","Нет","","#","—","—","—"
"ghost_1789626992517_jkyet","The Green Light","TOKYO GAME SHOW","—","—","Нет","215,00 TL","20%","172,00 TL","2026-09-24","","Нет","Нет","","#","—","—","—"
"ghost_1789626993629_0r9er","WolfFang SkullFang Saturn Tribute Boosted","TOKYO GAME SHOW","—","—","Нет","849,00 TL","50%","424,50 TL","2026-09-24","","Нет","Нет","","#","—","—","—"
"ghost_1789626995566_ny1id","Sundered","TOKYO GAME SHOW","—","—","Нет","699,00 TL","85%","104,85 TL","2026-09-24","","Нет","Нет","","#","—","—","—"
"ghost_1789626996553_r5m07","System Critical 3","TOKYO GAME SHOW","—","—","Нет","849,00 TL","15%","721,65 TL","2026-09-24","","Нет","Нет","","#","—","—","—"
"ghost_1789626997352_mg0qu","Top Shot Pool","TOKYO GAME SHOW","—","—","Нет","283,00 TL","30%","198,10 TL","2026-09-24","","Нет","Нет","","#","—","—","—"
"ghost_1789626997705_ulf91","STRIKERS 1945","TOKYO GAME SHOW","—","—","Нет","387,00 TL","70%","116,10 TL","2026-09-24","","Нет","Нет","","#","—","—","—"
"ghost_1789626998384_dsvjs","Neptunia Virtual Stars","TOKYO GAME SHOW","—","—","Нет","1.749,00 TL","70%","524,70 TL","2026-09-24","","Нет","Нет","","#","—","—","—"
"ghost_1789626999687_xtwvv","The Adventures of Elliot: The Millennium Tales","TOKYO GAME SHOW","—","—","Нет","2.999,00 TL","25%","2.249,25 TL","2026-09-24","","Нет","Нет","","#","—","—","—"
"ghost_1789627000096_0ql0y","Trails in the Sky 1st Chapter","TOKYO GAME SHOW","—","—","Нет","2.579,00 TL","50%","1.289,50 TL","2026-09-24","","Нет","Нет","","#","—","—","—"
"ghost_1789627001945_yv80n","LEGO DC Heroes & Villains Bundle","TOKYO GAME SHOW","—","—","Нет","2.099,00 TL","87%","272,87 TL","2026-09-24","","Нет","Нет","","#","—","—","—"
"ghost_1789627002347_gcb9j","OCTOPATH TRAVELER II PS4＆PS5","TOKYO GAME SHOW","—","—","Нет","2.099,00 TL","60%","839,60 TL","2026-09-24","","Нет","Нет","","#","—","—","—"
"ghost_1789627002882_4z3ed","Bundle: South Park : The Stick of Truth + The Fractured but Whole","TOKYO GAME SHOW","—","—","Нет","2.099,00 TL","75%","524,75 TL","2026-09-24","","Нет","Нет","","#","—","—","—"
"ghost_1789627003353_qfqmd","Tales of Berseria","TOKYO GAME SHOW","—","—","Нет","1.749,00 TL","25%","1.311,75 TL","2026-09-24","","Нет","Нет","","#","—","—","—"
"ghost_1789627003741_ll530","MOTORSLICE","TOKYO GAME SHOW","—","—","Нет","849,00 TL","15%","721,65 TL","2026-09-24","","Нет","Нет","","#","—","—","—"
"ghost_1789627005246_13sry","Wreckfest: Drive Hard. Die Last.","TOKYO GAME SHOW","—","—","Нет","1.049,00 TL","65%","367,15 TL","2026-09-24","","Нет","Нет","","#","—","—","—"
"ghost_1789627006382_6ryi3","The Jackbox Party Pack 9","TOKYO GAME SHOW","—","—","Нет","1.049,00 TL","35%","681,85 TL","2026-09-24","","Нет","Нет","","#","—","—","—"
"ghost_1789627007106_t3vw6","Wolfenstein II: The New Colossus Deluxe Edition (CUSA07378)","TOKYO GAME SHOW","—","—","Нет","2.099,00 TL","85%","314,85 TL","2026-09-24","","Нет","Нет","","#","—","—","—"
"ghost_1789627007837_1lcm2","TRIANGLE STRATEGY","TOKYO GAME SHOW","—","—","Нет","2.579,00 TL","30%","1.805,30 TL","2026-09-24","","Нет","Нет","","#","—","—","—"
"ghost_1789627008920_k2ppd","The Wandering Village","TOKYO GAME SHOW","—","—","Нет","1.049,00 TL","30%","734,30 TL","2026-09-24","","Нет","Нет","","#","—","—","—"
"ghost_1789627010142_on5u8","Survival: Fountain of Youth","TOKYO GAME SHOW","—","—","Нет","1.049,00 TL","40%","629,40 TL","2026-09-24","","Нет","Нет","","#","—","—","—"
"ghost_1789627010658_tkoy5","WRATH: Aeon of Ruin VR","TOKYO GAME SHOW","—","—","Нет","730,00 TL","10%","657,00 TL","2026-09-24","","Нет","Нет","","#","—","—","—"
"ghost_1789627012047_etw8p","RAIDOU Remastered: The Mystery of the Soulless Army","TOKYO GAME SHOW","—","—","Нет","2.149,00 TL","45%","1.181,95 TL","2026-09-24","","Нет","Нет","","#","—","—","—"
"ghost_1789627012425_uh6d0","The Legend of Heroes: Trails into Reverie","TOKYO GAME SHOW","—","—","Нет","2.579,00 TL","50%","1.289,50 TL","2026-09-24","","Нет","Нет","","#","—","—","—"
"ghost_1789627012821_3h8ol","Tales from the Borderlands","TOKYO GAME SHOW","—","—","Нет","699,00 TL","25%","524,25 TL","2026-09-24","","Нет","Нет","","#","—","—","—"
"ghost_1789627013431_2gc5p","Lost Ember","TOKYO GAME SHOW","—","—","Нет","1.299,00 TL","50%","649,50 TL","2026-09-24","","Нет","Нет","","#","—","—","—"
"ghost_1789627013886_c6g5t","Warhammer Pack: Hack and Slash","TOKYO GAME SHOW","—","—","Нет","1.749,00 TL","80%","349,80 TL","2026-09-24","","Нет","Нет","","#","—","—","—"
"ghost_1789627014558_e9bxh","Under The Island","TOKYO GAME SHOW","—","—","Нет","849,00 TL","20%","679,20 TL","2026-09-24","","Нет","Нет","","#","—","—","—"
"ghost_1789627015094_oev8q","The Great Ace Attorney Chronicles","TOKYO GAME SHOW","—","—","Нет","284,01 TL","60%","113,60 TL","2026-09-24","","Нет","Нет","","#","—","—","—"
"ghost_1789627015636_9529n","Rue Valley","TOKYO GAME SHOW","—","—","Нет","601,00 TL","60%","240,40 TL","2026-09-24","","Нет","Нет","","#","—","—","—"
"ghost_1789627016188_qtkmd","MX Dirt Bike: Unlimited Bike Experience","TOKYO GAME SHOW","—","—","Нет","525,00 TL","35%","341,25 TL","2026-09-24","","Нет","Нет","","#","—","—","—"
"ghost_1789627016946_r64xh","Umbrella Corps","TOKYO GAME SHOW","—","—","Нет","525,00 TL","65%","183,75 TL","2026-09-24","","Нет","Нет","","#","—","—","—"
"ghost_1789627017298_4udm4","Umbrella Corps","TOKYO GAME SHOW","—","—","Нет","629,00 TL","64%","226,44 TL","2026-09-24","","Нет","Нет","","#","—","—","—"
"ghost_1789627018114_hn3sg","Warhammer 40,000: Shootas, Blood & Teef","TOKYO GAME SHOW","—","—","Нет","699,00 TL","50%","349,50 TL","2026-09-24","","Нет","Нет","","#","—","—","—"
"ghost_1789627018471_97ldj","Pathologic 2","TOKYO GAME SHOW","—","—","Нет","1.229,00 TL","75%","307,25 TL","2026-09-24","","Нет","Нет","","#","—","—","—"
"ghost_1789627019652_m2tyt","Soulslinger: Envoy of Death","TOKYO GAME SHOW","—","—","Нет","849,00 TL","60%","339,60 TL","2026-09-24","","Нет","Нет","","#","—","—","—"
"ghost_1789627020035_6g564","Xuan Yuan Sword 7","TOKYO GAME SHOW","—","—","Нет","1.749,00 TL","60%","699,60 TL","2026-09-24","","Нет","Нет","","#","—","—","—"
"ghost_1789627020847_ix8k8","River City Girls 2","TOKYO GAME SHOW","—","—","Нет","1.399,00 TL","50%","699,50 TL","2026-09-24","","Нет","Нет","","#","—","—","—"
"ghost_1789627021258_di9qy","UnMetal","TOKYO GAME SHOW","—","—","Нет","595,00 TL","75%","148,75 TL","2026-09-24","","Нет","Нет","","#","—","—","—"
"ghost_1789627021619_sa70s","SNK VS. CAPCOM SVC CHAOS","TOKYO GAME SHOW","—","—","Нет","699,00 TL","50%","349,50 TL","2026-09-24","","Нет","Нет","","#","—","—","—"
"ghost_1789627022425_zzdd0","RAIDEN FIGHTERS","TOKYO GAME SHOW","—","—","Нет","1.299,00 TL","20%","1.039,20 TL","2026-09-24","","Нет","Нет","","#","—","—","—"
"ghost_1789627022780_umvuu","UnderMine","TOKYO GAME SHOW","—","—","Нет","730,00 TL","60%","292,00 TL","2026-09-24","","Нет","Нет","","#","—","—","—"
"ghost_1789627023205_hngti","Urbek City Builder","TOKYO GAME SHOW","—","—","Нет","1.049,00 TL","75%","262,25 TL","2026-09-24","","Нет","Нет","","#","—","—","—"
"ghost_1789627024075_0i9jz","Royal Revolt Survivors","TOKYO GAME SHOW","—","—","Нет","429,00 TL","30%","300,30 TL","2026-09-24","","Нет","Нет","","#","—","—","—"
"ghost_1789627025137_cgog9","NOBUNAGA'S AMBITION: Awakening","TOKYO GAME SHOW","—","—","Нет","2.999,00 TL","25%","2.249,25 TL","2026-09-24","","Нет","Нет","","#","—","—","—"
"ghost_1789627025563_7l9bv","War Mongrels","TOKYO GAME SHOW","—","—","Нет","1.749,00 TL","70%","524,70 TL","2026-09-24","","Нет","Нет","","#","—","—","—"
"ghost_1789627026674_tldj2","Trek to Yomi","TOKYO GAME SHOW","—","—","Нет","849,00 TL","75%","212,25 TL","2026-09-24","","Нет","Нет","","#","—","—","—"
"ghost_1789627027407_glomn","Wytchwood","TOKYO GAME SHOW","—","—","Нет","629,00 TL","65%","220,15 TL","2026-09-24","","Нет","Нет","","#","—","—","—"
"ghost_1789627027767_0v8o6","River City Girls","TOKYO GAME SHOW","—","—","Нет","1.049,00 TL","50%","524,50 TL","2026-09-24","","Нет","Нет","","#","—","—","—"
"ghost_1789627028141_hyp1z","Surviving Mars: Pioneer","TOKYO GAME SHOW","—","—","Нет","1.079,00 TL","15%","917,15 TL","2026-09-24","","Нет","Нет","","#","—","—","—"
"ghost_1789627029194_v2dt2","Shantae and the Seven Sirens PS4 and","TOKYO GAME SHOW","—","—","Нет","1.299,00 TL","50%","649,50 TL","2026-09-24","","Нет","Нет","","#","—","—","—"
"ghost_1789627030561_6zrwu","NOBUNAGA'S AMBITION: Awakening","TOKYO GAME SHOW","—","—","Нет","2.579,00 TL","35%","1.676,35 TL","2026-09-24","","Нет","Нет","","#","—","—","—"
"ghost_1789627031310_ibx3x","Urban Myth Dissolution Center","TOKYO GAME SHOW","—","—","Нет","849,00 TL","30%","594,30 TL","2026-09-24","","Нет","Нет","","#","—","—","—"
"ghost_1789627031888_8t85m","Shatterline","TOKYO GAME SHOW","—","—","Нет","849,00 TL","50%","424,50 TL","2026-09-24","","Нет","Нет","","#","—","—","—"
"ghost_1789627032386_7347f","Love is all around 2","TOKYO GAME SHOW","—","—","Нет","649,00 TL","20%","519,20 TL","2026-09-24","","Нет","Нет","","#","—","—","—"
"ghost_1789627032732_ccuyj","Ys X: Nordics","TOKYO GAME SHOW","—","—","Нет","2.099,00 TL","30%","1.469,30 TL","2026-09-24","","Нет","Нет","","#","—","—","—"
"ghost_1789627033198_r74su","Blizzard","TOKYO GAME SHOW","—","—","Нет","999,00 TL","50%","499,50 TL","2026-09-24","","Нет","Нет","","#","—","—","—"
"ghost_1789627033850_lcj7w","Valentino Rossi The Game","TOKYO GAME SHOW","—","—","Нет","649,00 TL","90%","64,90 TL","2026-09-24","","Нет","Нет","","#","—","—","—"
"ghost_1789627034199_q2mth","Pro Formula Racing","TOKYO GAME SHOW","—","—","Нет","349,00 TL","30%","244,30 TL","2026-09-24","","Нет","Нет","","#","—","—","—"
"ghost_1789627034631_p64p3","Oxide Room 208","TOKYO GAME SHOW","—","—","Нет","1.499,00 TL","50%","749,50 TL","2026-09-24","","Нет","Нет","","#","—","—","—"
"ghost_1789627035433_ek9il","Sweet Surrender","TOKYO GAME SHOW","—","—","Нет","1.079,00 TL","40%","647,40 TL","2026-09-24","","Нет","Нет","","#","—","—","—"
"ghost_1789627035856_mb3ql","Love Too Easily 2: Summer Pocha","TOKYO GAME SHOW","—","—","Нет","849,00 TL","30%","594,30 TL","2026-09-24","","Нет","Нет","","#","—","—","—"
"ghost_1789627036317_hp40n","Neptunia ReVerse","TOKYO GAME SHOW","—","—","Нет","1.749,00 TL","65%","612,15 TL","2026-09-24","","Нет","Нет","","#","—","—","—"
"ghost_1789627036990_iodkc","Samurai Academy: Paws of Fury","TOKYO GAME SHOW","—","—","Нет","1.079,00 TL","35%","701,35 TL","2026-09-24","","Нет","Нет","","#","—","—","—"
"ghost_1789627037341_8etpa","Streets of Rogue","TOKYO GAME SHOW","—","—","Нет","699,00 TL","75%","174,75 TL","2026-09-24","","Нет","Нет","","#","—","—","—"
"ghost_1789627037759_8stf4","My Life: Riding Stables 3","TOKYO GAME SHOW","—","—","Нет","1.049,00 TL","40%","629,40 TL","2026-09-24","","Нет","Нет","","#","—","—","—"
"ghost_1789627038287_8inf2","SAMURAI WARRIORS: Spirit of Sanada","TOKYO GAME SHOW","—","—","Нет","1.749,00 TL","60%","699,60 TL","2026-09-24","","Нет","Нет","","#","—","—","—"
"ghost_1789627038939_bumo7","SaGa Emerald Beyond","TOKYO GAME SHOW","—","—","Нет","1.749,00 TL","60%","699,60 TL","2026-09-24","","Нет","Нет","","#","—","—","—"
"ghost_1789627039299_eg94s","The Wonderful 101","TOKYO GAME SHOW","—","—","Нет","999,00 TL","55%","449,55 TL","2026-09-24","","Нет","Нет","","#","—","—","—"
"ghost_1789627039753_xkaj7","Shantae and the Pirate's Curse","TOKYO GAME SHOW","—","—","Нет","849,00 TL","50%","424,50 TL","2026-09-24","","Нет","Нет","","#","—","—","—"
"ghost_1789627040291_4agnq","The Inheritance of Crimson Manor","TOKYO GAME SHOW","—","—","Нет","629,00 TL","81%","119,51 TL","2026-09-24","","Нет","Нет","","#","—","—","—"
"ghost_1789627040659_burc7","Trinity Fusion","TOKYO GAME SHOW","—","—","Нет","849,00 TL","70%","254,70 TL","2026-09-24","","Нет","Нет","","#","—","—","—"
"ghost_1789627041016_yifbh","Sticky Business","TOKYO GAME SHOW","—","—","Нет","349,00 TL","50%","174,50 TL","2026-09-24","","Нет","Нет","","#","—","—","—"
"ghost_1789627041803_mx7fe","Xtreme Drift Racing Simulator","TOKYO GAME SHOW","—","—","Нет","429,00 TL","30%","300,30 TL","2026-09-24","","Нет","Нет","","#","—","—","—"
"ghost_1789627042650_p0pcq","Noctuary","TOKYO GAME SHOW","—","—","Нет","879,00 TL","40%","527,40 TL","2026-09-24","","Нет","Нет","","#","—","—","—"
"ghost_1789627043748_xyiyw","ToeJam & Earl: Back in the Groove!","TOKYO GAME SHOW","—","—","Нет","559,00 TL","35%","363,35 TL","2026-09-24","","Нет","Нет","","#","—","—","—"
"ghost_1789627044259_g2uw9","RAGER","TOKYO GAME SHOW","—","—","Нет","730,00 TL","25%","547,50 TL","2026-09-24","","Нет","Нет","","#","—","—","—"
"ghost_1789627044618_xplbg","Titan Souls","TOKYO GAME SHOW","—","—","Нет","649,00 TL","80%","129,80 TL","2026-09-24","","Нет","Нет","","#","—","—","—"
"ghost_1789627045107_m54bv","RollerCoaster Legends II: Thor's Hammer","TOKYO GAME SHOW","—","—","Нет","257,00 TL","10%","231,30 TL","2026-09-24","","Нет","Нет","","#","—","—","—"
"ghost_1789627045464_bgiee","Stay Still","TOKYO GAME SHOW","—","—","Нет","429,00 TL","40%","257,40 TL","2026-09-24","","Нет","Нет","","#","—","—","—"
"ghost_1789627045810_99p1b","Nelke & the Legendary Alchemists ~Ateliers of the New World~","TOKYO GAME SHOW","—","—","Нет","2.099,00 TL","77%","482,77 TL","2026-09-24","","Нет","Нет","","#","—","—","—"
"ghost_1789627046375_u6lrl","Symphonia","TOKYO GAME SHOW","—","—","Нет","699,00 TL","60%","279,60 TL","2026-09-24","","Нет","Нет","","#","—","—","—"
"ghost_1789627046791_aaolg","The Bike - Moto Ride Simulator","TOKYO GAME SHOW","—","—","Нет","525,00 TL","35%","341,25 TL","2026-09-24","","Нет","Нет","","#","—","—","—"
"ghost_1789627047137_r3lpo","South of the Circle","TOKYO GAME SHOW","—","—","Нет","549,00 TL","70%","164,70 TL","2026-09-24","","Нет","Нет","","#","—","—","—"
"ghost_1789627047637_em1og","The Sinking Forest - 沈んだ森","TOKYO GAME SHOW","—","—","Нет","549,00 TL","60%","219,60 TL","2026-09-24","","Нет","Нет","","#","—","—","—"
"ghost_1789627048620_no8i8","Vanity Fair: The Pursuit","TOKYO GAME SHOW","—","—","Нет","525,00 TL","50%","262,50 TL","2026-09-24","","Нет","Нет","","#","—","—","—"
"ghost_1789627049777_xe6p2","Survivor Mercs","TOKYO GAME SHOW","—","—","Нет","515,00 TL","50%","257,50 TL","2026-09-24","","Нет","Нет","","#","—","—","—"
"ghost_1789627050195_q5h59","Mercenaries Lament: Requiem of the Silver Wolf","TOKYO GAME SHOW","—","—","Нет","849,00 TL","30%","594,30 TL","2026-09-24","","Нет","Нет","","#","—","—","—"
"ghost_1789627051647_uyb6b","The Coma 2: Vicious Sisters","TOKYO GAME SHOW","—","—","Нет","529,00 TL","80%","105,80 TL","2026-09-24","","Нет","Нет","","#","—","—","—"
"ghost_1789627052141_plcp6","YEAH! YOU WANT \THOSE GAMES","TOKYO GAME SHOW","—","—","Нет","30%","\ RIGHT? SO HERE YOU GO! NOW, LET'S SEE YOU CLEAR THEM! 2","249,00 TL","2026-09-24","","Нет","Нет","","#","—","—","—"
"ghost_1789627053122_cjkol","Project 13","TOKYO GAME SHOW","—","—","Нет","209,00 TL","50%","104,50 TL","2026-09-24","","Нет","Нет","","#","—","—","—"
"ghost_1789627054011_z65vn","Röki","TOKYO GAME SHOW","—","—","Нет","699,00 TL","85%","104,85 TL","2026-09-24","","Нет","Нет","","#","—","—","—"
"ghost_1789627054531_5jy6n","The Adventure Pals","TOKYO GAME SHOW","—","—","Нет","649,00 TL","80%","129,80 TL","2026-09-24","","Нет","Нет","","#","—","—","—"
"ghost_1789627054870_gybf9","RollerCoaster Legends","TOKYO GAME SHOW","—","—","Нет","343,00 TL","10%","308,70 TL","2026-09-24","","Нет","Нет","","#","—","—","—"
"ghost_1789627055268_czw9p","Redeemer","TOKYO GAME SHOW","—","—","Нет","649,00 TL","75%","162,25 TL","2026-09-24","","Нет","Нет","","#","—","—","—"
"ghost_1789627055681_gs6nu","Trüberbrook","TOKYO GAME SHOW","—","—","Нет","1.049,00 TL","90%","104,90 TL","2026-09-24","","Нет","Нет","","#","—","—","—"
"ghost_1789627056024_8hm8e","Lucky's Tale","TOKYO GAME SHOW","—","—","Нет","774,00 TL","80%","154,80 TL","2026-09-24","","Нет","Нет","","#","—","—","—"
"ghost_1789627056501_9vbup","Unsolved Case: Above the Law CE","TOKYO GAME SHOW","—","—","Нет","419,00 TL","20%","335,20 TL","2026-09-24","","Нет","Нет","","#","—","—","—"
"ghost_1789627056844_87888","Unsolved Case: Killer Popularity CE","TOKYO GAME SHOW","—","—","Нет","419,00 TL","20%","335,20 TL","2026-09-24","","Нет","Нет","","#","—","—","—"
"ghost_1789627057202_eltxu","Unsolved Case: Murderous Script CE","TOKYO GAME SHOW","—","—","Нет","419,00 TL","20%","335,20 TL","2026-09-24","","Нет","Нет","","#","—","—","—"
"ghost_1789627057926_ugzef","Majogami","TOKYO GAME SHOW","—","—","Нет","1.299,00 TL","20%","1.039,20 TL","2026-09-24","","Нет","Нет","","#","—","—","—"
"ghost_1789627058463_j5mup","Yohane the Parhelion -BLAZE in the DEEPBLUE","TOKYO GAME SHOW","—","—","Нет","1.049,00 TL","60%","419,60 TL","2026-09-24","","Нет","Нет","","#","—","—","—"
"ghost_1789627058816_w6vv8","Scar-Lead Salvation","TOKYO GAME SHOW","—","—","Нет","1.299,00 TL","45%","714,45 TL","2026-09-24","","Нет","Нет","","#","—","—","—"
"ghost_1789627059181_mhe09","Sclash","TOKYO GAME SHOW","—","—","Нет","349,00 TL","80%","69,80 TL","2026-09-24","","Нет","Нет","","#","—","—","—"
"ghost_1789627059535_o9qpk","Megadimension Neptunia VIIR","TOKYO GAME SHOW","—","—","Нет","1.049,00 TL","60%","419,60 TL","2026-09-24","","Нет","Нет","","#","—","—","—"
"ghost_1789627060121_ed67t","Sakura Swim Club","TOKYO GAME SHOW","—","—","Нет","349,00 TL","50%","174,50 TL","2026-09-24","","Нет","Нет","","#","—","—","—"
"ghost_1789627061581_rm79s","The Black Within","TOKYO GAME SHOW","—","—","Нет","279,00 TL","40%","167,40 TL","2026-09-24","","Нет","Нет","","#","—","—","—"
"ghost_1789627061958_mloly","The Bookwalker: Thief of Tales","TOKYO GAME SHOW","—","—","Нет","525,00 TL","75%","131,25 TL","2026-09-24","","Нет","Нет","","#","—","—","—"
"ghost_1789627062350_g965q","Love Too Easily","TOKYO GAME SHOW","—","—","Нет","769,00 TL","50%","384,50 TL","2026-09-24","","Нет","Нет","","#","—","—","—"